,alim_grp_code,
alim_ssgrp_code,
alim_ssssgrp_code,
alim_grp_nom_fr,
alim_ssgrp_nom_fr,
alim_ssssgrp_nom_fr,
alim_code,
alim_nom_fr,
alim_nom_sci,
"Energie, Règlement UE N°1169 2011 (kJ 100 g)",
"Energie, Règlement UE N°1169 2011 (kcal100 g)",
"Energie, N x facteur Jones, avec fibres (kJ 100 g)",
"Energie, N x facteur Jones, avec fibres (kcal100 g)",
"Eau(g 100g)",
"Protéines, N x facteur de Jones (g 100 g)","Protéines, N x 6.25 (g 100 g)",
"Glucides (g 100 g)",
"Lipides (g 100 g)",
"Sucres (g 100 g)",
"Fructose (g 100 g)",
"Galactose (g 100 g)",
"Glucose (g 100 g)",
"Lactose (g 100 g)",
"Maltose (g 100 g)",
"Saccharose (g 100 g)",
"Amidon (g 100 g)",
"Fibres alimentaires (g 100 g)",
"Polyols totaux (g 100 g)",
"Cendres (g 100 g)",
"Alcool (éthanol) (g 100 g)",
"Acides organiques (g 100 g)",
"AG saturés (g 100 g)",
"AG monoinsaturés (g 100 g)",
"AG polyinsaturés (g 100 g)",
"AG 4:0, butyrique (g 100 g)",
"AG 6:0, caproïque (g 100 g)",
"AG 8:0, caprylique (g 100 g)",
"AG 10:0, caprique (g 100 g)",
"AG 12:0, laurique (g 100 g)",
"AG 14:0, myristique (g 100 g)",
"AG 16:0, palmitique (g 100 g)",
"AG 18:0, stéarique (g 100 g)",
"AG 18:19c (n-9),oléique(g 100 g)",
"AG 18:29c,12c(n-6), linoléique(g 100 g)",
"AG 18:3 c9,c12,c15 (n-3), alpha-linolénique (g 100 g)",
"AG 20:45c,8c,11c,14c(n-6),arachidonique(g100 g)",
"AG 20:55c,8c,11c,14c,17c(n-3) EPA (g 100 g)",
"AG 22:64c,7c,10c,13c,16c,19c(n-3) DHA (g100 g)",
"Cholestérol(mg 100 g)",
"Sel chlorure de sodium (g 100 g)",
"Calcium (mg 100 g)",
"Chlorure (mg 100 g)",
"Cuivre (mg 100 g)",
"Fer (mg 100 g)",
"Iode (µg 100 g)",
"Magnésium (mg 100 g)",
"Manganèse (mg 100 g)",
"Phosphore (mg 100 g)",
"Potassium (mg 100 g)",
"Sélénium (µg 100 g)",
"Sodium (mg 100 g)",
"Zinc (mg 100 g)",
"Activité vitaminique A, équivalents rétinol (µg 100 g)",
"Rétinol (µg 100 g)",
"Beta-Carotène (µg 100 g)",
"Vitamine D (µg 100 g)",
"Vitamine D2 (ergocalciférol) (µg 100 g)",
"Vitamine D3 (cholécalciférol) (µg 100 g)",
"Alpha-tocophérol (vitamine E) (mg 100 g)",
"Vitamine E (mg 100 g)",
"Vitamine K1 (µg 100 g)",
"Vitamine K2 (µg 100 g)",
"Vitamine C (mg 100 g)",
"Vitamine B1 ou Thiamine (mg 100 g)",
"Vitamine B2 ou Riboflavine (mg 100 g)",
"Vitamine B3 ou PP ou Niacine (mg 100 g)",
"Vitamine B5 ou Acide pantothénique (mg 100 g)",
"Vitamine B6 (mg 100 g)",
"Vitamine B9 ou Folates totaux, équivalents folatesalimentaires, DFE (µg100 g)",
"Vitamine B9 ou Folates totaux (µg 100 g)",
"Folates intrinsèques (µg 100 g)",
"Acide folique (enrichissement)(µg 100 g)",
"Vitamine B12 (µg 100 g)",
"Facteur de Jones"