,Product Name,
added-sugars,
added-sugars_100g,
added-sugars_modifier,
added-sugars_value,
arbohydrates
carbohydrates_100g,
carbohydrates_value
energy,
energy-kcal,
energy-kcal_100g,
energy-kcal_value,
energy-kj,
energy-kj_100g,
energy-kj_value,
energy_100g,
energy_value,
fat,
fat_100g,
fat_value,
fiber,
fiber_100g,
fiber_value,
fruits-vegetables-legumes-estimate-from-ingredients_100g,
fruits-vegetables-nuts-estimate-from-ingredients_100g,
nova-group,
nova-group_100g,
nova-group_serving,
nova-group_value,
proteins,
proteins_100g,
proteins_value,
salt,
salt_100g,
salt_value,
saturated-fat,
saturated-fat_100g,
saturated-fat_value,
sodium,
sodium_100g,
sodium_value,
sugars,
sugars_100g,
sugars_value
